aggregate_consumption,date,measure_unit,contract,photo
54149.6,2019-09-23 18:37:00,kWh,StromJak138-19,
54157.6,2019-09-29 16:23:00,kWh,StromJak138-19,
44.633,2019-10-05 13:54:00,mWh,GasJak138-19,
54161.8,2019-10-08 16:36:00,kWh,StromJak138-19,
54175.1,2019-10-19 10:02:00,kWh,StromJak138-19,
44.716,2019-10-28 13:57:00,mWh,GasJak138-19,
54219.8,2019-10-29 20:17:00,kWh,StromJak138-19,
54277.0,2019-11-08 18:00:00,kWh,StromJak138-19,
0.0,2019-11-08 18:00:01,kWh,StromJak138-19,
107.0,2019-11-24 20:00:00,kWh,StromJak138-19,
46.046,2019-12-04 8:59:30,mWh,GasJak138-19,
46.114,2019-12-05 6:29:19,mWh,GasJak138-19,
159.0,2019-12-06 16:05:15,kWh,StromJak138-19,
46.216,2019-12-06 16:06:15,mWh,GasJak138-19,
46.247,2019-12-07 11:37:29,mWh,GasJak138-19,
46.414,2019-12-10 12:36:31,mWh,GasJak138-19,
197.0,2019-12-12 10:26:00,kWh,StromJak138-19,
46.551,2019-12-13 7:17:10,mWh,GasJak138-19,
240.0,2019-12-18 13:20:00,kWh,StromJak138-19,
261.0,2019-12-22 21:22:00,kWh,StromJak138-19,
46.977,2019-12-24 9:16:43,mWh,GasJak138-19,
351.0,2019-12-31 11:10:00,kWh,StromJak138-19,
48.432,2020-01-25 8:57:00,mWh,GasJak138-19,
587.0,2020-01-26 14:15:00,kWh,StromJak138-19,
654.0,2020-02-03 21:02:00,kWh,StromJak138-19,
48.866,2020-02-04 21:58:00,mWh,GasJak138-19,
50.786,2020-03-18 11:02:02,mWh,GasJak138-19,
1314.0,2020-04-16 21:33:38,kWh,StromJak138-19,
51.357,2020-04-16 21:34:32,mWh,GasJak138-19,
2087.0,2020-08-06 23:10:12,kWh,StromJak138-19,
2472.0,2020-09-30 23:04:54,kWh,StromJak138-19,
51.635,2020-09-30 23:06:13,mWh,GasJak138-19,
2473.0,2020-10-01 10:04:54,kWh,StromJak138-20,
51.636,2020-10-01 10:06:13,mWh,GasJak138-20,
2902.0,2020-11-28 20:44:00,kWh,StromJak138-20,
3045.0,2020-12-15 20:51:00,kWh,StromJak138-20,
3161.0,2020-12-31 23:59:00,kWh,StromJak138-20,
3161.0,2021-01-01 00:01:00,kWh,StromJak138-20,
3323.0,2021-01-21 12:19:00,kWh,StromJak138-20,
57.28527907,2021-03-01 13:55:00,mWh,GasJak138-20,
57.68527907,2021-03-15 11:23:00,mWh,GasJak138-20,
0.0,2021-03-15 14:00:00,mWh,GasJak138-20,
0.943,2021-05-30 21:04:00,mWh,GasJak138-20,
4360.0,2021-06-25 11:25:30,kWh,StromJak138-20,
4511.0,2021-07-15 10:49:00,kWh,StromJak138-20,
0.943,2021-07-23 13:37:36,mWh,GasJak138-20,
37573.9,2021-10-06 18:37:00,kWh,StromKar39-21,
26275.0,2021-10-06 18:37:01,m3,GasKar39-21,
1.044,2021-10-15 12:35:12,mWh,GasJak138-20,
4945.0,2021-10-15 12:42:36,kWh,StromJak138-20,
37683.0,2021-10-24 19:33:00,kWh,StromKar39-21,
26408.53,2021-10-24 19:33:01,m3,GasKar39-21,
37688.0,2021-10-25 18:37:00,kWh,StromKar39-21,
26415.89,2021-10-25 18:37:01,m3,GasKar39-21,
37714.5,2021-10-30 12:32:00,kWh,StromKar39-21,
26439.503,2021-10-30 12:32:01,m3,GasKar39-21,
37735.2,2021-11-02 14:37:20,kWh,StromKar39-21,
26454.171,2021-11-02 14:37:35,m3,GasKar39-21,20211102_143758.jpg
37745.3,2021-11-04 16:37:15,kWh,StromKar39-21,20211104_163705.jpg
26464.802,2021-11-04 16:37:29,m3,GasKar39-21,20211104_163712.jpg
37769.2,2021-11-07 14:55:21,kWh,StromKar39-21,20211107_145520.jpg
26486.332,2021-11-07 14:55:32,m3,GasKar39-21,20211107_145528.jpg
37782.4,2021-11-09 14:39:21,kWh,StromKar39-21,20211109_143921.jpg
26497.114,2021-11-09 14:39:32,m3,GasKar39-21,20211109_143932.jpg
37788.4,2021-11-10 14:24:51,kWh,StromKar39-21,20211110_142450.jpg
26502.399,2021-11-10 14:25:02,m3,GasKar39-21,20211110_142502.jpg
37796.9,2021-11-12 12:38:42,kWh,StromKar39-21,20211112_123842.jpg
26515.648,2021-11-12 12:38:55,m3,GasKar39-21,20211112_123855.jpg
37797.3,2021-11-12 15:33:58,kWh,StromKar39-21,16367276278473335930057133914134.jpg
26516.486,2021-11-12 15:34:40,m3,GasKar39-21,16367276739743373599805478748552.jpg
26516.486,2021-11-12 15:34:40,m3,GasKar39-21,16367276739743373599805478748552.jpg
37804.1,2021-11-13 20:43:06,kWh,StromKar39-21,16368325535521500768510497423391.jpg
26524.038,2021-11-13 20:43:34,m3,GasKar39-21,16368326087694596507191948375326.jpg
37816.0,2021-11-15 13:34:33,kWh,StromKar39-21,16369796666614732034180382089453.jpg
26534.466,2021-11-15 13:35:02,m3,GasKar39-21,16369796967096919599666452965298.jpg
37822.2,2021-11-16 12:25:50,kWh,StromKar39-21,163706194420646012800612866768.jpg
26540.325,2021-11-16 12:26:21,m3,GasKar39-21,16370619766142875038123724032640.jpg
37822.7,2021-11-16 17:05:31,kWh,StromKar39-21,16370787282887438379127717788132.jpg
26541.216,2021-11-16 17:05:58,m3,GasKar39-21,16370787548637623129668814162442.jpg
37834.4,2021-11-18 11:40:46,kWh,StromKar39-21,16372320411458045213921688151539.jpg
26551.839,2021-11-18 11:43:33,m3,GasKar39-21,16372322045048000947907545327957.jpg
37849.4,2021-11-20 20:22:30,kWh,StromKar39-21,16374361460386734118266548489335.jpg
26567.32,2021-11-20 20:23:05,m3,GasKar39-21,16374361805468770788962786138848.jpg
37869.9,2021-11-22 14:08:28,kWh,StromKar39-21,20211122_140828.jpg
26577.735,2021-11-22 14:08:36,m3,GasKar39-21,20211122_140836.jpg
37912.1,2021-11-28 12:33:39,kWh,StromKar39-21,16380992061938038717213211194492.jpg
26622.187,2021-11-28 12:34:25,m3,GasKar39-21,16380992593046983334297801891786.jpg
37941.0,2021-12-03 14:02:08,kWh,StromKar39-21,16385365175182093456243713880763.jpg
38006.1,2021-12-14 12:24:54,kWh,StromKar39-21,16394810884437038731317801713811.jpg
26751.47,2021-12-14 12:25:39,m3,GasKar39-21,16394811358469012481276957555483.jpg
38015.8,2021-12-15 22:54:08,kWh,StromKar39-21,16396052391552099450928307820061.jpg
26763.711,2021-12-15 22:54:35,m3,GasKar39-21,16396052719057471540151243341013.jpg
38033.7,2021-12-18 13:50:59,kWh,StromKar39-21,16398318525852499750034684752083.jpg
26780.805,2021-12-18 13:51:42,m3,GasKar39-21,16398318979709061243254772353002.jpg
38064.2,2021-12-22 19:17:05,kWh,StromKar39-21,1640197020677449689683064291229.jpg
26814.814,2021-12-22 19:17:49,m3,GasKar39-21,16401970650993823148192551381050.jpg
38147.9,2022-01-02 16:32:33,kWh,StromKar39-21,16411375486057220868307938477753.jpg
26899.932,2022-01-02 16:33:11,m3,GasKar39-21,1641137587827287225168420894954.jpg
38324.7,2022-01-23 09:48:40,kWh,StromKar39-21,16429277142924714131801856231502.jpg
27092.332,2022-01-23 09:49:16,m3,GasKar39-21,16429277495212606667815677930401.jpg
38517.2,2022-02-20 13:39:12,kWh,StromKar39-21,16453607453607530051011625031786.jpg
27323.509,2022-02-20 13:39:48,m3,GasKar39-21,16453607809954326309154809285974.jpg
38549.9,2022-02-26 12:54:31,kWh,StromKar39-21,16458764675427300217688407327083.jpg
27374.605,2022-02-26 12:55:15,m3,GasKar39-21,16458765070762446254421163461716.jpg
38598.5,2022-03-06 15:45:18,kWh,StromKar39-21,16465779147478455889045021746325.jpg
27439.093,2022-03-06 15:45:48,m3,GasKar39-21,16465779451053750001654851587171.jpg
38699.3,2022-03-24 13:20:26,kWh,StromKar39-21,1648124417219209863605447430995.jpg
27550.661,2022-03-24 13:20:53,m3,GasKar39-21,164812444931374274878547720818.jpg
38717.8,2022-03-27 22:07:17,kWh,StromKar39-21,16484116293955747534839017089153.jpg
27570.785,2022-03-27 22:08:07,m3,GasKar39-21,16484116846053315081749982705698.jpg
38774.4,2022-04-10 13:33:12,kWh,StromKar39-21,16495903873081751481459456828166.jpg
27636.365,2022-04-10 13:34:03,m3,GasKar39-21,164959043790078611619114174220.jpg
38888.8,2022-04-30 13:19:51,kWh,StromKar39-21,20220430_131955.jpg
27725.293,2022-04-30 13:20:18,m3,GasKar39-21,20220430_132018.jpg
39026.2,2022-05-25 22:10:24,kWh,StromKar39-21,16535094180324409516353295114670.jpg
27761.496,2022-05-25 22:11:14,m3,GasKar39-21,16535094687523971376629554657888.jpg
39169.6,2022-06-27 21:07:17,kWh,StromKar39-21,1656356834056920920967524336822.jpg
27768.278,2022-06-27 21:07:54,m3,GasKar39-21,1656356871132416575975406332486.jpg
39246.7,2022-07-17 11:07:12,kWh,StromKar39-21,16580488218775572627195871279086.jpg
27773.582,2022-07-17 11:07:44,m3,GasKar39-21,16580488582721426037392931769456.jpg
39275.4,2022-07-21 21:24:58,kWh,StromKar39-21,16584314952945643584566164405023.jpg
27774.394,2022-07-21 21:25:43,m3,GasKar39-21,16584315383803704471400294324950.jpg
39286.8,2022-07-24 13:35:43,kWh,StromKar39-21,16586625398005879347262721757269.jpg
27776.027,2022-07-24 13:36:16,m3,GasKar39-21,16586625721321656709274826008856.jpg
39343.2,2022-08-06 15:54:37,kWh,StromKar39-21,16597940705306526111621300828567.jpg
27778.339,2022-08-06 15:55:19,m3,GasKar39-21,16597941161611328898133960863947.jpg
39410.1,2022-08-20 13:20:50,kWh,StromKar39-21,16609944456734128202547616751811.jpg
27781.693,2022-08-20 13:21:20,m3,GasKar39-21,16609944774307323061427605182757.jpg
27783.963,2022-09-01 18:48:48,m3,GasKar39-21,IMG-20220901-WA0001.jpg
27783.963,2022-09-01 18:48:48,m3,GasKar39-21,IMG-20220901-WA0001.jpg
39473.7,2022-09-01 18:47:58,kWh,StromKar39-21,IMG-20220901-WA0000.jpg
39535.2,2022-09-29 18:57:25,kWh,StromKar39-21,16644706403103977009773420076116.jpg
27804.7,2022-09-29 18:58:03,m3,GasKar39-21,16644706727125167921213744981747.jpg
27785.145,2022-09-24 22:51:15,m3,GasKar39-21,20220924_225115.jpg
39507.9,2022-09-24 22:50:46,kWh,StromKar39-21,20220924_225050.jpg
39600.5,2022-10-08 21:13:21,kWh,StromKar39-21,16652563947772299379751595241442.jpg
27825.127,2022-10-08 21:14:26,m3,GasKar39-21,16652564602848028236367888626448.jpg
39611.8,2022-10-10 17:09:34,kWh,StromKar39-21,1665414566938761018297631924558.jpg
27829.233,2022-10-10 17:10:13,m3,GasKar39-21,16654146080863718670782700242985.jpg
39611.8,2022-10-10 17:09:34,kWh,StromKar39-22,1665414566938761018297631924558.jpg
27829.233,2022-10-10 17:10:13,m3,GasKar39-22,16654146080863718670782700242985.jpg
39649.5,2022-10-16 13:35:13,kWh,StromKar39-22,16659201037179092568562429708265.jpg
27844.837,2022-10-16 13:36:08,m3,GasKar39-22,16659201620863199742708358489061.jpg
39662.1,2022-10-18 12:39:42,kWh,StromKar39-22,16660895758182625980250305293848.jpg
27847.839,2022-10-18 12:40:08,m3,GasKar39-22,16660896032594629561230570547236.jpg
39676.4,2022-10-20 19:34:46,kWh,StromKar39-22,1666287278932265910180868129834.jpg
27851.412,2022-10-20 19:35:30,m3,GasKar39-22,1666287324757420202233742512205.jpg
39697.9,2022-10-23 23:04:50,kWh,StromKar39-22,1666559086096982235608673887740.jpg
27856.675,2022-10-23 23:05:47,m3,GasKar39-22,1666559141813208831617214510044.jpg
39698.1,2022-10-24 00:50:47,kWh,StromKar39-22,20221024_005047.jpg
39714.9,2022-10-29 18:15:23,kWh,StromKar39-22,16670601194167933516154244013602.jpg
27864.106,2022-10-29 18:16:13,m3,GasKar39-22,16670601697408693810126463418499.jpg
39747.5,2022-11-04 20:44:27,kWh,StromKar39-22,1667591063597786596252110235726.jpg
27871.659,2022-11-04 20:45:24,m3,GasKar39-22,16675911197723116695615026196584.jpg
39798.4,2022-11-12 15:08:10,kWh,StromKar39-22,16682620853986005138117705340949.jpg
27895.25,2022-11-12 15:08:53,m3,GasKar39-22,16682621282976164657957342433819.jpg
39836.7,2022-11-19 14:34:39,kWh,StromKar39-22,1668864872343864219211079731090.jpg
27920.899,2022-11-19 14:35:41,m3,GasKar39-22,16688649344774929887572117194129.jpg
39880.5,2022-11-25 12:56:57,kWh,StromKar39-22,16693774137475829959407441121460.jpg
27948.267,2022-11-25 12:58:12,m3,GasKar39-22,16693774857137050471237889676076.jpg
39890.5,2022-11-26 17:14:44,kWh,StromKar39-22,16694792761922632244419823010135.jpg
27952.959,2022-11-26 17:15:23,m3,GasKar39-22,1669479319936709275625116912590.jpg
39900.8,2022-11-27 17:19:54,kWh,StromKar39-22,16695659842773790216266395005424.jpg
27957.315,2022-11-27 17:20:55,m3,GasKar39-22,1669566050690268062732387738040.jpg
39924.7,2022-12-02 12:20:46,kWh,StromKar39-22,16699800412458790102001038462386.jpg
27979.762,2022-12-02 12:21:32,m3,GasKar39-22,16699800885975363463332684170800.jpg
39943.2,2022-12-04 21:18:38,kWh,StromKar39-22,16701851142465639640889008294702.jpg
27996.288,2022-12-04 21:19:23,m3,GasKar39-22,16701851591905294613197827403071.jpg
40006.3,2022-12-12 18:53:35,kWh,StromKar39-22,1000001075.jpg
28051.794,2022-12-12 18:53:40,m3,GasKar39-22,1000001076.jpg
40087.1,2022-12-26 15:17:04,kWh,StromKar39-22,1000001245.jpg
28134.477,2022-12-26 15:17:08,m3,GasKar39-22,1000001246.jpg
40124.5,2022-12-30 12:37:24,kWh,StromKar39-22,1000001279.jpg
28156.013,2022-12-30 12:37:03,m3,GasKar39-22,1000001278.jpg
28164.367,2022-12-31 20:03:29,m3,GasKar39-22,1000001294.jpg
40142.5,2022-12-31 20:03:22,kWh,StromKar39-22,1000001293.jpg
28166.727,2023-01-01 15:23:18,m3,GasKar39-22,1000001306.jpg
40149.6,2023-01-01 15:23:09,kWh,StromKar39-22,1000001305.jpg
40188.6,2023-01-05 17:41:40,kWh,StromKar39-22,20230105_174137.jpg
28182.667,2023-01-05 17:41:49,m3,GasKar39-22,20230105_174147.jpg
40203.8,2023-01-06 21:20:47,kWh,StromKar39-22,16730364405664788431049341164631.jpg
28187.246,2023-01-06 21:23:33,m3,GasKar39-22,20230106_212330.jpg
40284.5,2023-01-17 17:55:50,kWh,StromKar39-22,1673974536012286752799567001786.jpg
28243.367,2023-01-17 17:56:35,m3,GasKar39-22,1673974590687553681223671427268.jpg
40331.7,2023-01-23 14:38:11,kWh,StromKar39-22,1674481084718535763963629647663.jpg
28290.955,2023-01-23 14:38:56,m3,GasKar39-22,16744811306188396040683996788319.jpg
40355.0,2023-01-27 18:04:11,kWh,StromKar39-22,16748390446392194715680043970094.jpg
28326.142,2023-01-27 18:04:58,m3,GasKar39-22,16748390928198838219813211793020.jpg
40414.8,2023-02-06 18:40:59,kWh,StromKar39-22,16757052534976014369103492684299.jpg
28397.266,2023-02-06 18:41:46,m3,GasKar39-22,16757052936461347036512956511025.jpg
40425.0,2023-02-08 19:27:39,kWh,StromKar39-22,16758808515223850795602007527796.jpg
28411.55,2023-02-08 19:28:33,m3,GasKar39-22,16758809082042935811673947984525.jpg
40435.3,2023-02-10 19:49:03,kWh,StromKar39-22,16760549218084107515037863891999.jpg
28427.051,2023-02-10 19:49:57,m3,GasKar39-22,16760549935655395614110039287504.jpg
40453.7,2023-02-12 12:25:09,kWh,StromKar39-22,16762011024697725316746875921433.jpg
28437.13,2023-02-12 12:25:51,m3,GasKar39-22,16762011463496656311071986287489.jpg
40469.1,2023-02-14 18:42:41,kWh,StromKar39-22,16763965542282805421217656508928.jpg
28449.699,2023-02-14 18:43:34,m3,GasKar39-22,16763966073563900844745287597785.jpg
40472.5,2023-02-15 20:18:39,kWh,StromKar39-22,16764887099261225104075543838688.jpg
28455.437,2023-02-15 20:19:28,m3,GasKar39-22,16764887640798683088033498428976.jpg
40483.7,2023-02-17 18:19:22,kWh,StromKar39-22,16766543554716389414215254103853.jpg
28464.755,2023-02-17 18:20:24,m3,GasKar39-22,16766544199962047466660778261526.jpg
40491.5,2023-02-18 19:59:58,kWh,StromKar39-22,1676746788836940180397143559494.jpg
28469.847,2023-02-18 20:00:29,m3,GasKar39-22,16767468250447278050054300804888.jpg
40497.1,2023-02-19 18:52:18,kWh,StromKar39-22,16768291327842279427281049029482.jpg
28473.731,2023-02-19 18:53:05,m3,GasKar39-22,16768291801387249819158665336699.jpg
40514.0,2023-02-21 15:30:27,kWh,StromKar39-22,20230221_153027.jpg
28482.172,2023-02-21 15:30:21,m3,GasKar39-22,20230221_153020.jpg
40523.6,2023-02-23 18:20:36,kWh,StromKar39-22,20230223_182033.jpg
28490.738,2023-02-23 18:20:41,m3,GasKar39-22,20230223_182041.jpg
28495.636,2023-02-24 20:19:02,m3,GasKar39-22,IMG_20230224_201902.jpg
40528.0,2023-02-24 20:18:51,kWh,StromKar39-22,IMG_20230224_201851.jpg
40536.0,2023-02-26 10:38:10,kWh,StromKar39-22,IMG_20230226_103810.jpg
28505.535,2023-02-26 10:38:17,m3,GasKar39-22,IMG_20230226_103817.jpg
40553.6,2023-02-28 17:54:59,kWh,StromKar39-22,16776032935585524545054921291620.jpg
28520.743,2023-02-28 17:55:44,m3,GasKar39-22,1677603340968296243518812257671.jpg
40561.9,2023-03-02 17:49:15,kWh,StromKar39-22,1677775750616283978713056605139.jpg
28534.686,2023-03-02 17:49:51,m3,GasKar39-22,16777757835832480939087144011360.jpg
40570.2,2023-03-04 13:12:47,kWh,StromKar39-22,16779319595346837694930343434706.jpg
28548.258,2023-03-04 13:13:25,m3,GasKar39-22,16779319994838602867927622800260.jpg
40578.2,2023-03-05 20:58:12,kWh,StromKar39-22,16780462868523532447739646682121.jpg
28559.159,2023-03-05 20:58:57,m3,GasKar39-22,16780463290755879427697880871082.jpg
40581.1,2023-03-06 18:41:44,kWh,StromKar39-22,16781244996131378876868055640988.jpg
28564.101,2023-03-06 18:42:48,m3,GasKar39-22,16781245645338364678563789527879.jpg
40585.6,2023-03-07 18:23:41,kWh,StromKar39-22,16782098014525599738621473893220.jpg
28570.548,2023-03-07 18:24:22,m3,GasKar39-22,16782098562006902095920938889057.jpg
40590.0,2023-03-08 17:48:52,kWh,StromKar39-22,16782941283515958890200887116555.jpg
40590.0,2023-03-08 17:48:52,kWh,StromKar39-22,16782941283515958890200887116555.jpg
40590.0,2023-03-08 17:48:52,kWh,StromKar39-22,16782941283515958890200887116555.jpg
28576.998,2023-03-08 17:50:30,m3,GasKar39-22,1678294227217663785241471157351.jpg
40590.0,2023-03-08 17:52:48,kWh,StromKar39-22,16782943656006499203059468487607.jpg
40595.9,2023-03-09 19:27:21,kWh,StromKar39-22,16783864349208311551790870595376.jpg
28583.701,2023-03-09 19:28:00,m3,GasKar39-22,16783864758291239305800127375965.jpg
40600.6,2023-03-10 17:13:24,kWh,StromKar39-22,16784647949967362700857566726772.jpg
28588.562,2023-03-10 17:14:13,m3,GasKar39-22,16784648449606176488903956191078.jpg
40615.3,2023-03-12 10:17:53,kWh,StromKar39-22,16786126672098857610887403321515.jpg
28601.19,2023-03-12 10:18:31,m3,GasKar39-22,16786127078927853067727051371817.jpg
40628.5,2023-03-13 19:38:50,kWh,StromKar39-22,16787327232318265036351180102868.jpg
28607.771,2023-03-13 19:39:38,m3,GasKar39-22,16787327731843299200259077487709.jpg
40632.4,2023-03-14 18:19:15,kWh,StromKar39-22,16788143471662272820465049770847.jpg
28612.227,2023-03-14 18:19:44,m3,GasKar39-22,16788143823025182861955831456249.jpg
40638.0,2023-03-15 19:42:05,kWh,StromKar39-22,16789057150945017530685983973495.jpg
28617.712,2023-03-15 19:42:32,m3,GasKar39-22,1678905748512412746164380560842.jpg
40643.0,2023-03-16 18:36:29,kWh,StromKar39-22,16789881838753708106591624864273.jpg
28622.917,2023-03-16 18:37:30,m3,GasKar39-22,16789882438735975569504483259168.jpg
40647.1,2023-03-17 18:54:27,kWh,StromKar39-22,16790756597193916240079276855965.jpg
28627.718,2023-03-17 18:55:02,m3,GasKar39-22,16790757001196066230661355730792.jpg
40655.1,2023-03-18 15:25:58,kWh,StromKar39-22,16791495540711010723317629337151.jpg
28632.43,2023-03-18 15:26:25,m3,GasKar39-22,16791495807788320595451287125922.jpg
40659.5,2023-03-19 10:53:06,kWh,StromKar39-22,1679219581362777247692681189525.jpg
28635.296,2023-03-19 10:53:35,m3,GasKar39-22,16792196117453189597399738391249.jpg
40669.2,2023-03-20 20:12:05,kWh,StromKar39-22,16793395185878253715360854811410.jpg
28640.01,2023-03-20 20:13:00,m3,GasKar39-22,16793395730235971831789374738816.jpg
40676.8,2023-03-22 17:30:37,kWh,StromKar39-22,16795026326774347676447064518939.jpg
28646.29,2023-03-22 17:31:10,m3,GasKar39-22,16795026641217665621249622148326.jpg
40685.6,2023-03-23 19:16:06,kWh,StromKar39-22,16795953586348868377477188121998.jpg
28649.547,2023-03-23 19:16:46,m3,GasKar39-22,16795954022546492773986046416042.jpg
40711.2,2023-04-04 19:25:04,kWh,StromKar39-22,16806290947482631025376286506959.jpg
28667.608,2023-04-04 19:26:00,m3,GasKar39-22,16806291537407192117546945531814.jpg
40760.4,2023-04-09 16:44:23,kWh,StromKar39-22,16810514564548165763901955775852.jpg
28693.892,2023-04-09 16:45:26,m3,GasKar39-22,16810515209564439103876836692692.jpg
40781.4,2023-04-13 20:29:56,kWh,StromKar39-22,168141059075180282316111036254.jpg
28709.114,2023-04-13 20:30:50,m3,GasKar39-22,16814106449298872711899137473737.jpg
40795.6,2023-04-16 11:52:27,kWh,StromKar39-22,16816387426136205380948558435578.jpg
28719.901,2023-04-16 11:55:34,m3,GasKar39-22,1681638926449634762808756548041.jpg
40821.1,2023-04-20 19:03:39,kWh,StromKar39-22,16820102140699122991358625692206.jpg
28732.314,2023-04-20 19:04:15,m3,GasKar39-22,16820102519887180811358439206968.jpg
40830.1,2023-04-23 12:12:12,kWh,StromKar39-22,16822447290897846614353033407417.jpg
28741.272,2023-04-23 12:12:58,m3,GasKar39-22,16822447732822770715221115103511.jpg
40852.1,2023-04-27 18:03:53,kWh,StromKar39-22,16826114289814125594175013381372.jpg
28753.2,2023-04-27 18:04:34,m3,GasKar39-22,16826114707922682157101068322418.jpg
40875.1,2023-04-30 19:52:22,kWh,StromKar39-22,16828771352123742427573524193325.jpg
28762.193,2023-04-30 19:53:02,m3,GasKar39-22,1682877178684980016280282279934.jpg
40891.5,2023-05-03 18:03:10,kWh,StromKar39-22,16831297810612719912729657399189.jpg
40891.5,2023-05-03 18:04:32,kWh,StromKar39-22,IMG_20230503_180432.jpg
28768.085,2023-05-03 18:03:59,m3,GasKar39-22,IMG_20230503_180359.jpg
40913.4,2023-05-06 21:20:03,kWh,StromKar39-22,16834007871931334199513743021507.jpg
28772.76,2023-05-06 21:20:48,m3,GasKar39-22,16834008429348578231227382706252.jpg
40925.9,2023-05-09 18:29:31,kWh,StromKar39-22,16836497663543500755251676446723.jpg
40925.3,2023-05-09 18:29:31,kWh,StromKar39-22,16836497663543500755251676446723.jpg
28774.396,2023-05-09 18:30:04,m3,GasKar39-22,16836498009784212981048271934267.jpg
40937.7,2023-05-12 19:34:17,kWh,StromKar39-22,16839128528334882544771572114689.jpg
28776.937,2023-05-12 19:35:07,m3,GasKar39-22,16839129013753683128699716801896.jpg
40967.1,2023-05-15 18:03:28,kWh,StromKar39-22,16841666034778340453386386847652.jpg
28778.288,2023-05-15 18:04:01,m3,GasKar39-22,16841666383571841935601937231095.jpg
40983.1,2023-05-18 14:22:28,kWh,StromKar39-22,1684412543359870643415543184265.jpg
28778.794,2023-05-18 14:22:59,m3,GasKar39-22,16844125763578360820757216812602.jpg
41020.1,2023-05-23 19:43:35,kWh,StromKar39-22,16848638042359102014206692614800.jpg
28781.119,2023-05-23 19:44:11,m3,GasKar39-22,16848638484702677326277748987970.jpg
41041.5,2023-05-27 11:15:19,kWh,StromKar39-22,16851789131636130055706017239821.jpg
28781.784,2023-05-27 11:16:16,m3,GasKar39-22,16851789729927534062278123653380.jpg
41234.7,2023-07-10 20:37:00,kWh,StromKar39-22,16890142121618417380327008877636.jpg
28792.463,2023-07-10 20:37:40,m3,GasKar39-22,16890142427095502281549364589825.jpg
41477.8,2023-08-21 19:17:19,kWh,StromKar39-22,16926382331742314576144141813558.jpg
28803.066,2023-08-21 19:18:30,m3,GasKar39-22,16926383053415281806386611505057.jpg
41549.9,2023-09-05 22:27:03,kWh,StromKar39-22,16939456190171853796608217235952.jpg
28806.482,2023-09-05 22:27:37,m3,GasKar39-22,16939456543264259784142044261607.jpg
28812.167,2023-09-30 13:17:38,m3,GasKar39-22,16960726456541851000708742127767.jpg
41696.1,2023-09-30 13:18:43,kWh,StromKar39-22,16960727166903546108336306008598.jpg
41729.4,2023-10-05 10:33:00,kWh,StromKar39-22,16964947749288823811511050095373.jpg
28813.225,2023-10-05 10:33:45,m3,GasKar39-22,16964948213797560610951622164083.jpg
28813.225,2023-10-06 00:33:45,m3,GasKar39-23,16964948213797560610951622164083.jpg
41776.1,2023-10-12 21:43:20,kWh,StromKar39-22,16971397952405830802180850889361.jpg
41776.1,2023-10-13 00:43:20,kWh,StromKar39-23,16971397952405830802180850889361.jpg
28815.626,2023-10-12 21:44:00,m3,GasKar39-23,16971398359806855617333692026374.jpg
41824.8,2023-10-21 13:23:26,kWh,StromKar39-23,16978874003017935626830204973668.jpg
28824.82,2023-10-21 13:23:33,m3,GasKar39-23,1697887408207943127497964141686.jpg
41845.0,2023-10-29 12:21:16,kWh,StromKar39-23,16985784687087444758679315574546.jpg
28832.548,2023-10-29 12:22:15,m3,GasKar39-23,16985785265115365718805879881830.jpg
41866.7,2023-11-02 12:07:26,kWh,StromKar39-23,16989232411394100835249113910403.jpg
28842.928,2023-11-02 12:08:18,m3,GasKar39-23,1698923292082146070069845108237.jpg
41944.3,2023-11-13 19:12:11,kWh,StromKar39-23,16998991224555236723732692411505.jpg
28883.446,2023-11-13 19:12:50,m3,GasKar39-23,16998991643402308784640231161188.jpg
41979.6,2023-11-19 17:29:27,kWh,StromKar39-23,17004113605817958168039763663748.jpg
28904.511,2023-11-19 17:30:08,m3,GasKar39-23,17004114017804836039818162612876.jpg
42014.0,2023-11-26 14:40:12,kWh,StromKar39-23,17010060031307055273860090176776.jpg
28933.126,2023-11-26 14:40:59,m3,GasKar39-23,17010060537982514791103572787437.jpg
42079.8,2023-12-04 18:44:20,kWh,StromKar39-22,17017118546394696688774403559840.jpg
28986.983,2023-12-04 18:44:53,m3,GasKar39-22,17017118889263333335161596818486.jpg
42118.2,2023-12-10 21:45:52,kWh,StromKar39-23,17022411449112723216332579453816.jpg
29025.277,2023-12-10 21:46:38,m3,GasKar39-23,17022411927126270232986872953564.jpg
42337.6,2024-01-08 08:33:28,kWh,StromKar39-23,17046992042796657652576204989041.jpg
29162.802,2024-01-08 08:34:04,m3,GasKar39-23,17046992409805597410377794432914.jpg
42377.7,2024-01-13 10:16:04,kWh,StromKar39-23,17051373601001296212749787622308.jpg
29211.915,2024-01-13 10:16:44,m3,GasKar39-23,17051374003236854733338439758183.jpg
42529.0,2024-02-02 08:05:35,kWh,StromKar39-23,17068575305095928755887133179616.jpg
42583.2,2024-02-10 00:35:32,kWh,StromKar39-23,17075217272032875166710074415832.jpg
29388.105,2024-02-10 00:36:12,m3,GasKar39-23,17075217659617368035324848891909.jpg
42606.8,2024-02-12 17:15:37,kWh,StromKar39-23,17077545340864867398793966284440.jpg
29400.428,2024-02-12 17:16:10,m3,GasKar39-23,17077545656576241553734830423302.jpg
42688.9,2024-02-24 18:02:17,kWh,StromKar39-23,17087941282734554824466350694933.jpg
29454.423,2024-02-24 18:03:41,m3,GasKar39-23,17087942123053188336992172835911.jpg
42771.3,2024-03-07 22:24:13,kWh,StromKar39-23,17098466452867536089853406928058.jpg
29515.75,2024-03-07 22:25:11,m3,GasKar39-23,17098467070148321431356949830015.jpg
42927.7,2024-03-31 22:22:26,kWh,StromKar39-23,17119165409495506624592043394546.jpg
29605.04,2024-03-31 22:22:29,m3,GasKar39-23,17119165435492552614665613567739.jpg
42968.7,2024-04-06 17:21:36,kWh,StromKar39-23,17124168810223903143845129549742.jpg
29621.131,2024-04-06 17:22:40,m3,GasKar39-23,17124169544248271439881384330080.jpg
43198.9,2024-05-17 13:10:21,kWh,StromKar39-23,17159442153122716650922108682395.jpg
29710.477,2024-05-17 13:11:21,m3,GasKar39-23,17159442754967083168874676777934.jpg
43246.9,2024-05-26 19:55:27,kWh,StromKar39-23,17167461218061318134296228131989.jpg
29713.789,2024-05-26 19:56:32,m3,GasKar39-23,17167461874132918012478807837099.jpg
43645.2,2024-08-19 16:30:00,kWh,StromKar39-23,17240777970073291727422062270968.jpg
